target_residue,target_name,peptide_residue,peptide_name,target_atom,peptide_atom,min_distance_A,within_4A
9,VAL,7,LEU,CG1,CD2,4.0267,False
58,THR,7,LEU,CG2,CD2,3.992,True
61,GLN,6,PRO,OE1,O,3.5143,True
61,GLN,7,LEU,O,C,3.6395,True
61,GLN,8,TYR,O,N,2.7555,True
62,GLU,1,ARG,OE2,NE,2.6967,True
62,GLU,8,TYR,O,CB,3.8181,True
63,GLU,8,TYR,O,CD2,3.661,True
64,TYR,8,TYR,CA,CD2,3.7881,True
64,TYR,10,SER,CE1,CB,4.034,False
68,ARG,7,LEU,NE,CD1,3.6311,True
68,ARG,8,TYR,NH2,O,2.8782,True
68,ARG,9,ILE,CD,CG1,4.5957,False
69,ASP,8,TYR,OD1,O,4.4554,False
69,ASP,9,ILE,OD1,CA,3.5917,True
69,ASP,10,SER,OD2,OG,2.561,True
69,ASP,11,TYR,O,CE2,3.6108,True
72,MET,7,LEU,SD,CD2,4.6116,False
72,MET,9,ILE,CG,CD1,3.6761,True
72,MET,11,TYR,C,OH,3.2394,True
73,ARG,10,SER,NH1,OG,4.7739,False
73,ARG,11,TYR,N,OH,3.1966,True
95,HIS,3,ARG,CG,O,3.4363,True
95,HIS,4,ARG,ND1,CG,4.1668,False
95,HIS,6,PRO,O,CG,3.8786,True
96,TYR,6,PRO,CZ,CB,3.6078,True
96,TYR,7,LEU,CE1,CB,4.2968,False
99,GLN,4,ARG,CB,O,4.2164,False
99,GLN,5,CYS,NE2,SG,3.7719,True
99,GLN,6,PRO,OE1,CD,3.2592,True
99,GLN,7,LEU,NE2,O,2.8459,True
99,GLN,9,ILE,NE2,CD1,3.7552,True
99,GLN,12,ASP,NE2,OD2,2.9004,True
99,GLN,15,CYS,NE2,SG,3.3709,True
102,ARG,4,ARG,NH2,O,2.9145,True
102,ARG,5,CYS,NH2,CA,4.5226,False
102,ARG,12,ASP,NH2,OD2,2.7973,True
102,ARG,14,VAL,NE,CG2,3.4414,True
103,VAL,9,ILE,CG1,CD1,4.1972,False
103,VAL,11,TYR,O,CE1,4.296,False
103,VAL,12,ASP,CG1,OD2,3.6556,True
