position,wt_residue,g12d_residue,wt_canonical20_entropy,g12d_canonical20_entropy,wt_mean_nonnative_minus_native_logprob,g12d_mean_nonnative_minus_native_logprob,wt_native_logprob,g12d_native_logprob,g12d_minus_wt_native_logprob
1,M,M,0.0029659641775933564,0.009781425092935588,-12.435213067813924,-10.888808140629216,-0.00026223497052058065,-0.0009785141128464403,-0.0007162791423258597
2,T,T,0.7867062923232413,0.8839844388521036,-5.751096574883712,-5.502793010912444,-0.17677047391133804,-0.2041296577458649,-0.027359183834526846
3,E,E,0.024290608028333452,0.03960267170630583,-11.631067796757346,-10.446653188843475,-0.0033351188221431016,-0.005638236218111103,-0.002303117395968002
4,Y,Y,0.17859021499416966,0.1710965328252686,-8.489613206763016,-8.436775132229453,-0.031769428791896814,-0.029953174419329542,0.001816254372567272
5,K,K,0.013159538335109798,0.03116312194127197,-12.82901150497951,-10.881278194879231,-0.0016792597313219915,-0.004227420811952598,-0.0025481610806306065
6,L,L,0.07714799968453218,0.11260700271692113,-10.972266303865533,-10.057410302915072,-0.011889154658833334,-0.018630886151305148,-0.006741731492471814
7,V,V,0.1182922482550837,0.08622249545884082,-11.687846485721437,-10.488629002320138,-0.023639163967191124,-0.014637519205850325,0.009001644761340799
8,V,V,0.07663848131788768,0.13674783695893195,-11.196390357456709,-9.97606779399671,-0.011677896660756915,-0.02312916838403467,-0.011451271723277756
9,V,V,0.09458906289780314,0.13003425460337764,-10.563400017587762,-9.743134410757767,-0.015417014569059972,-0.022132701941957933,-0.0067156873728979605
10,G,G,0.0019175383751977833,0.1563707807069093,-12.845885675204428,-7.707528817026239,-0.00016782188881236948,-0.023117465693484718,-0.02294964380467235
11,A,A,1.4354145539954957,1.7342641744077367,-5.436271303578427,-4.219588580884431,-1.0001368642495851,-1.2912116498557573,-0.29107478560617217
12,G,D,0.010541411288226514,0.010541411288226514,-11.270322685571093,0.6015260482304975,-0.0011207870185465652,-11.279377084130058,-11.278256297111511
13,G,G,0.03731546554326147,0.26278294948183595,-11.451550822508963,-7.724170941075212,-0.005287378299495771,-0.0492712052645512,-0.04398382696505543
14,V,V,0.07902957043722815,0.1085761049982454,-9.992130220720643,-8.619358777999878,-0.01127474694574282,-0.015171826484886353,-0.003897079539143533
15,G,G,0.0011801701618009168,0.05172604786177834,-13.875417704644956,-9.65230634651686,-9.669184876415216e-05,-0.006569653084472549,-0.0064729612357083965
16,K,K,0.0005275493232463124,0.04826894331566177,-14.97978251848958,-9.697165689970317,-4.6891157332140665e-05,-0.006075970649284557,-0.006029079491952416
17,S,S,0.020705999884085717,0.03505740151379169,-14.284563102220234,-12.263606291068228,-0.003021370134197454,-0.005506524864294704,-0.00248515473009725
18,A,A,0.1018657003589674,0.12769078094523034,-11.0346807429665,-10.040791724857531,-0.017899398413449674,-0.022943303498633938,-0.005043905085184264
19,L,L,0.08967268067609192,0.08387218304744329,-10.850583261565157,-10.530730379255195,-0.014258670978598786,-0.013154362832011657,0.0011043081465871296
20,T,T,0.019898585503527643,0.04028293501547435,-11.709851806101046,-10.315088146611265,-0.0023917575105141253,-0.0050633688865744375,-0.002671611376060312
21,I,I,0.04741836363058822,0.05774724240536785,-13.083475516030663,-11.905724718382483,-0.007596228947949868,-0.009181288779311458,-0.0015850598313615905
22,Q,Q,0.014525477324846466,0.024046974212768833,-10.304878074087595,-9.663901431780113,-0.0014585233651001062,-0.002576461284125031,-0.001117937919024925
23,L,L,0.09936102372892361,0.09775404140846465,-10.849732138608632,-10.509686551595989,-0.016713695178157906,-0.016152483322551703,0.0005612118556062029
24,I,I,0.02138184953028557,0.028415261734577115,-13.333744367486553,-12.204899387924295,-0.002649160984741883,-0.003586819836055355,-0.000937658851313472
25,Q,Q,0.03365910569971157,0.03762656888012559,-9.747871599699321,-9.427859582399067,-0.003909958017064952,-0.004397957660646767,-0.0004879996435818157
26,N,N,0.3960597172102143,0.4998381971671932,-9.13228968570107,-8.392699279283223,-0.12453417410961265,-0.1785714195719308,-0.05403724546231814
27,H,H,0.15915510565033866,0.22439801158284556,-8.7933593423743,-8.182760420598482,-0.029818315814596374,-0.04547640754588578,-0.015658091731289403
28,F,F,0.023584901127859534,0.03515191525347036,-12.471286445856094,-10.945262243873195,-0.0032760545935150986,-0.004892280421993078,-0.0016162258284779796
29,V,V,0.0320697102067664,0.0520177272527402,-10.669432379697499,-9.916995738681994,-0.004193685301164152,-0.007249620227014475,-0.0030559349258503232
30,D,D,0.2792739552079717,0.3662038610477763,-9.23399777318302,-8.426352875797372,-0.07015563494841537,-0.09970798525121438,-0.029552350302799013
31,E,E,0.06701435278428669,0.10004633907988003,-10.009471590581693,-9.274903879353875,-0.010154428842504615,-0.01613442042767943,-0.005979991585174815
32,Y,Y,0.01138961240225384,0.03797036880480632,-12.210419805426346,-10.161516528380545,-0.0013006671068982456,-0.0049323213305747515,-0.003631654223676506
33,D,D,0.0015105067670945552,0.015695279172392385,-14.00908930834971,-11.04791895104082,-0.00013568630242133395,-0.0017295336650846593,-0.0015938473626633254
34,P,P,0.01879268780374602,0.07362140901596312,-10.448268539027163,-8.845229486885824,-0.0020655752316320886,-0.009698741371025221,-0.007633166139393133
35,T,T,0.0010001474597500985,0.014176578748420748,-13.54977232845206,-10.261508301684731,-8.126397482932646e-05,-0.0014669793128820885,-0.001385715338052762
36,I,I,0.003275939509244613,0.012557489408733084,-13.332675640520296,-11.20722593994517,-0.0003098075298932912,-0.0013370657351536863,-0.0010272582052603951
37,E,E,0.0010956944719051902,0.019556226623918423,-14.503324695323643,-10.758021955035234,-0.0001020531082858156,-0.0023116882877225464,-0.002209635179436731
38,D,D,0.0019266857937023818,0.009975312805949908,-14.148870806944998,-11.78034887502068,-0.000178011824901958,-0.001063420593599318,-0.00088540876869736
39,S,S,0.009028643949108534,0.014541182262230107,-11.936747996430649,-10.979018907013693,-0.0009699113428851547,-0.0016071986159911233,-0.0006372872731059687
40,Y,Y,0.007444755579746374,0.011783257810204848,-14.642571563783445,-13.140136648165551,-0.0009018813748333798,-0.0014728084766986171,-0.0005709271018652373
41,R,R,0.003479945418834954,0.022681416737171403,-12.540243867196535,-9.99484426096866,-0.0003211537626057748,-0.0025874026924270765,-0.0022662489298213018
42,K,K,0.0013968031696331784,0.0022958372716022357,-14.511397044909629,-13.696105085019218,-0.000124905075018944,-0.00021250171744924273,-8.759664243029874e-05
43,Q,Q,0.01685257651413813,0.025915633254054226,-10.409497148112246,-9.8187659414191,-0.0017535482098409716,-0.002837226653221947,-0.0010836784433809754
44,V,V,0.4505277375147114,0.4453695893698558,-9.109036922454834,-8.877022153452822,-0.11109891624960966,-0.10806802076164601,0.0030308954879636474
45,V,V,0.10800521193247022,0.13534655524622416,-9.159431055972451,-8.765668517664858,-0.016435481514911032,-0.021355351123791166,-0.004919869608880134
46,I,I,0.18273429335886768,0.2164127579094327,-9.262398547247836,-8.980910285523063,-0.03213199528044619,-0.040145669023900155,-0.008013673743453964
47,D,D,0.03360507854956947,0.06992587808183799,-10.679849670121545,-9.620390766545347,-0.004226646940594492,-0.009582606549958683,-0.0053559596093641915
48,G,G,0.25816405604824944,0.28427948745686304,-8.663224651625281,-8.280001018392412,-0.045998125339195894,-0.05187394224452824,-0.005875816905332343
49,E,E,0.7875104915713649,0.7373835172676367,-6.345124897203948,-6.339881169168573,-0.21401026061397488,-0.18666921649884927,0.027341044115125612
50,T,T,0.07144300987591597,0.09435389197335438,-9.607555431754966,-9.13534016358225,-0.0094697713248717,-0.013089435898251622,-0.0036196645733799215
51,C,C,0.8491968486910654,0.883813027308262,-7.805073725549798,-7.4657792041176245,-0.49628424944986627,-0.5966100699584374,-0.10032582050857108
52,L,L,0.19219071647290237,0.20018185203205976,-8.89546807816154,-8.65970255905076,-0.03411017835466801,-0.03533759943368331,-0.0012274210790153006
53,L,L,0.03019988734209487,0.04577147919161705,-12.998314931204444,-11.749004828302484,-0.003981294677839031,-0.006351347495950677,-0.0023700528181116454
54,D,D,0.008697740149843354,0.023746698782575924,-14.69746860234361,-11.952766525117974,-0.001086562898901633,-0.0032645375347613026,-0.0021779746358596697
55,I,I,0.25046442633092025,0.2407614682671315,-13.298671716137937,-12.497270254712356,-0.067990419648293,-0.06307122985659674,0.004919189791696255
56,L,L,0.00284784944879531,0.006212688458147587,-12.818435194068833,-11.857028901576996,-0.0002542499411486432,-0.0005990218568037164,-0.00034477191565507326
57,D,D,0.004737391812674008,0.08181916484422888,-11.917716649802108,-8.7599486489045,-0.0004528899300115796,-0.010894688320382429,-0.010441798390370849
58,T,T,0.0031318249560875456,0.038533421163253256,-12.866694212744111,-9.589043855667114,-0.0002884159073950343,-0.004498079798683108,-0.0042096638912880735
59,A,A,0.008910995137570474,0.04129549838091675,-12.145675067054597,-10.010062688275388,-0.0009288496320394302,-0.005173243287018181,-0.004244393654978751
60,G,G,0.0026811023857918515,0.023421223148294937,-12.502157957930313,-10.00346240871831,-0.00023611795474653974,-0.0025583093193350948,-0.002322191364588555
61,Q,Q,0.015708305296282372,0.03606696750430781,-10.018941674577562,-9.070192177044717,-0.0015970293522062917,-0.004047233586000232,-0.00245020423379394
62,E,E,0.0164519651158577,0.030585407123877646,-11.25815022619147,-10.188956706147446,-0.0019465859902076943,-0.0037353109127176154,-0.001788724922509921
63,E,E,0.016104840655820317,0.018966762659312207,-12.640052461310438,-12.109586819222098,-0.002126648979172252,-0.002507838572123333,-0.0003811895929510811
64,Y,Y,0.0337440982320311,0.08724629508650035,-15.99488155465377,-13.740217983722687,-0.00543033394417769,-0.017312329606768984,-0.011881995662591294
65,S,S,0.1305568715680613,0.16434559981999944,-9.23691206935205,-8.69039470584769,-0.01978266149755381,-0.025663065030983923,-0.005880403533430112
66,A,A,0.01824367775954036,0.034704660980829596,-11.330529238048353,-10.44478060069837,-0.0020636276219931915,-0.004277835934853869,-0.002214208312860677
67,M,M,0.027958055301093434,0.031017576705586313,-13.844624822076998,-13.105368588315812,-0.0038538303891098025,-0.0042620454907087435,-0.00040821510159894103
68,R,R,0.004426936282647859,0.010581078323511095,-12.571994643462332,-11.130369195812627,-0.00044143138659080705,-0.0011090177616601693,-0.0006675863750693622
69,D,D,0.1168705796536164,0.18316836232712191,-12.59632198434127,-10.460275273574027,-0.024763991175841937,-0.0425824236702077,-0.017818432494365766
70,Q,Q,0.010661962855663964,0.012877498345899603,-11.437170080448452,-10.964214230838575,-0.0011535189333464757,-0.001398040174677817,-0.00024452124133134134
71,Y,Y,0.047912566926750326,0.05016052476938869,-11.752692300238108,-11.012823307200483,-0.006926182512833279,-0.007080066695630549,-0.00015388418279727034
72,M,M,0.046474759443034065,0.0523135231761902,-10.863649603567625,-10.429070564477067,-0.005858246264622835,-0.00674560871348362,-0.0008873624488607845
73,R,R,0.009753558046700129,0.01850718620274181,-12.071280973914423,-10.89394998177886,-0.0010910797564935848,-0.0021343649575218393,-0.0010432852010282545
74,T,T,0.52332033862616,0.5207520928521671,-9.262662517397027,-8.969509952946714,-0.19316135286349656,-0.18799466697181622,0.005166685891680345
75,G,G,0.009078420942946612,0.040701016192497406,-11.541484238285767,-9.703744036586661,-0.0009361348283913884,-0.004909861841799312,-0.003973727013407924
76,E,E,0.13137630057661065,0.15749207894985506,-8.951015734358839,-8.675929916532416,-0.021908738205728362,-0.026836385902606175,-0.004927647696877813
77,G,G,0.005428747166279303,0.01807368660385168,-13.113294161464038,-11.123330673104839,-0.0005844917735871036,-0.002065214637797297,-0.0014807228642101933
78,F,F,0.0090180204002089,0.01433958963721464,-13.092728636766735,-12.201932034994426,-0.0009382798846644391,-0.00156824943777778,-0.0006299695531133409
79,L,L,0.17471356809278632,0.18859401687024563,-10.278568305467305,-9.93366729585748,-0.03189397286189788,-0.034922210208371496,-0.0030282373464736168
80,C,C,0.8685838876832894,0.9055879815645598,-7.935101709867778,-7.485567645022743,-0.48397772426284646,-0.5597305221304936,-0.0757527978676471
81,V,V,0.2461149067250092,0.23926180555746324,-9.570408488574781,-9.228314060913888,-0.04694800538869437,-0.045113393349616615,0.0018346120390777543
82,F,F,0.574008042368896,0.6003943441410323,-12.308676518891987,-11.611374967976621,-0.2952970705315181,-0.32821379458913214,-0.03291672405761403
83,A,A,0.2304732454929412,0.3007040366156468,-10.18889550158852,-9.341833842428107,-0.049844173312855844,-0.07080753802994977,-0.020963364717093924
84,I,I,0.5344510478664513,0.5444932384357424,-10.569533119076176,-10.145669993601347,-0.19672455119270715,-0.1990509883581968,-0.0023264371654896365
85,N,N,0.6247927230787217,0.6676833287138344,-7.980628565738075,-7.669314760910837,-0.2021203394568012,-0.2220530443166986,-0.0199327048598974
86,N,N,1.169944470155244,1.2408839827339782,-4.408757009004292,-4.339547998026798,-1.292173282589495,-1.187453057245655,0.10472022534383996
87,T,T,2.2901539847515267,2.2966487968493046,-2.5199509670859888,-2.3141272695440995,-1.6223613936855692,-1.7627457795677337,-0.1403843858821645
88,K,K,1.2994830047851278,1.193126384773055,-5.115255506415116,-5.147833246933787,-0.40909991838836923,-0.3348759722741814,0.07422394611418781
89,S,S,0.1296903182689576,0.15186870485659582,-10.647448916184274,-9.750009975935283,-0.024029386296193778,-0.028903848439904678,-0.0048744621437109
90,F,F,0.4304029086399187,0.4315664195872566,-8.376709034568385,-8.224194426285592,-0.10140713709740723,-0.10154408861242636,-0.00013695151501913472
91,E,E,0.8209133552186789,1.0169080825897705,-6.567310283058568,-5.850889933736701,-0.2777829955819513,-0.3501866198307937,-0.07240362424884239
92,D,D,0.7113604113845777,0.9571611898083899,-7.44062614440918,-6.090671790273566,-0.2647291009114525,-0.335413440234813,-0.07068433932336049
93,I,I,1.0470679500562932,1.0554194198543811,-7.13793316640352,-6.898154948887072,-0.3984952657478811,-0.39992178909550624,-0.0014265233476251638
94,H,H,2.514673756948074,2.541138841274819,-0.6462459062275133,-0.565262141980623,-3.025644107068276,-3.0587632293226044,-0.03311912225432856
95,H,H,2.573142604120202,2.6373106839525,-1.0215995186253597,-0.9967201132523386,-2.566399660325054,-2.5176306133909456,0.04876904693410822
96,Y,Y,0.7796140404548306,0.7961372534339088,-6.464352118341546,-6.093858944742303,-1.1083053658287465,-1.1623568887114715,-0.05405152288272497
97,R,R,1.6129747634778686,1.614268642234161,-4.307884291598671,-4.262097208123458,-0.5949855274649476,-0.5933336706354968,0.001651856829450793
98,E,E,0.7513789095737397,0.8365015384314053,-6.556963770013106,-6.18066772661711,-0.21895964104632526,-0.2429198372768191,-0.023960196230493835
99,Q,Q,0.12470250048335349,0.15435030114658305,-7.916157672279759,-7.61737238733392,-0.01792413557655692,-0.02319759948911404,-0.005273463912557119
100,I,I,0.09734215076930038,0.11567675859669062,-10.652881098420997,-10.049357226020412,-0.015794236496111225,-0.01916864754475789,-0.003374411048646664
101,K,K,1.1190473345526986,1.146086525403402,-5.653385940350984,-5.448292104821456,-0.8074357819286568,-0.8376582458148292,-0.030222463886172335
102,R,R,0.01970712874324453,0.07102855081785044,-10.09319079549689,-8.428959470046195,-0.0021571589428326376,-0.008929356018613888,-0.00677219707578125
103,V,V,0.10825488145604456,0.14165971299717056,-9.650094584414834,-8.977518357728657,-0.018166051369956193,-0.02416039858769281,-0.0059943472177366175
104,K,K,0.03510067999829295,0.06363323608669938,-10.1390809636367,-9.324270348799857,-0.004625429756710986,-0.00890636767374886,-0.004280937917037875
105,D,D,0.2349216526408551,0.3128651869856829,-8.04313800209447,-7.450395885266755,-0.043033283212860596,-0.05899363179979744,-0.015960348586936846
106,S,S,1.6152143060007313,1.625785925795748,-3.4717491551449426,-3.380496025085449,-1.5447548526178103,-1.5732765083610438,-0.02852165574323351
107,E,E,0.8563635635962379,0.8634709951172014,-5.126497971384149,-4.8972046249791195,-1.3393921971838356,-1.4243095226052827,-0.08491732542144703
108,D,D,2.2546279021768125,2.2569547486125927,-2.7899274324115955,-2.8122489828812447,-1.4459390910596142,-1.3822883394770145,0.0636507515825997
109,V,V,0.4708443431049287,0.4946561571571089,-7.277167797088623,-7.029637336730957,-0.10089681469512257,-0.10765832206525161,-0.0067615073701290385
110,P,P,0.24161143784386696,0.2718112421576718,-7.116501105459113,-6.955622723228053,-0.03780786534825786,-0.0431577414677502,-0.005349876119492336
111,M,M,1.0360752368860588,1.0642771116170102,-6.970155088525069,-6.861808877242239,-0.8147435486270389,-0.737678999249848,0.07706454937719087
112,V,V,0.8421091233023088,0.860985258822883,-8.770671744095651,-8.475530624389648,-0.41077592365459736,-0.4515108396696519,-0.04073491601505452
113,L,L,0.32417832282218095,0.35530732992348624,-9.620647053969535,-9.02429851732756,-0.06778910492300483,-0.07574512677040346,-0.007956021847398631
114,V,V,0.3461221464485475,0.33332810502901083,-10.073803500125283,-9.78967571258545,-0.07301443245372496,-0.06911502794185154,0.0038994045118734277
115,G,G,0.2937713388659875,0.29207275998707594,-12.118007283461722,-10.932733485573216,-0.08829523934824834,-0.08559543622114774,0.0026998031271006084
116,N,N,0.0030174574001554056,0.00570363791185079,-13.181445035495257,-12.019910045360264,-0.00027418149519320423,-0.0005466168975161168,-0.0002724354023229125
117,K,K,0.008292945540180213,0.02234238088021187,-11.841195846074505,-10.596798940708762,-0.0008291817092818121,-0.00250141490490563,-0.001672233195623818
118,C,C,1.0079896264911359,1.000425228904054,-6.243940980810868,-6.1716232550771615,-0.5261827045020855,-0.5164045750180204,0.00977812948406509
119,D,D,0.004690539477094306,0.019848681437662347,-13.034290872122112,-10.855959741692795,-0.0005062953251346869,-0.002326355196114349,-0.0018200598709796623
120,L,L,0.20796495720046126,0.21084804613422742,-7.303870652851305,-7.13362297258879,-0.03085755800670853,-0.03099051468111469,-0.00013295667440615944
121,P,P,1.5859855421474272,1.611668157492057,-4.67075420680799,-4.515648264633982,-0.5508469080836846,-0.5623304508543594,-0.01148354277067476
122,S,S,2.142856200537233,2.1447163582131803,-3.268614317241468,-3.2194165430570902,-1.242130991111539,-1.1432927985121921,0.0988381925993469
123,R,R,0.04679092684778303,0.09970874634776801,-9.509985472026624,-8.260488986968994,-0.00643207607784646,-0.014255439152186966,-0.007823363074340506
124,T,T,1.8439984898629735,1.855782605330145,-3.970196899614836,-3.9087783662896407,-0.8214044313115902,-0.8155651501138959,0.00583928119769439
125,V,V,0.5384416478884922,0.5365658880172226,-8.23870721616243,-7.935757536637156,-0.18109694238569318,-0.17149989311076652,0.009597049274926661
126,D,D,1.9792442426259358,2.0140376124351267,-4.01110305284199,-3.782337791041324,-1.1357325994148546,-1.1877061574496999,-0.05197355803484527
127,T,T,1.6352353964022706,1.679147134086423,-3.9821550469649467,-3.8937008004439506,-0.49651580903935333,-0.5138561544372404,-0.01734034539788709
128,K,K,1.4230583091431313,1.4596688471148018,-4.959059439207378,-4.782617117229261,-0.5999387198719006,-0.6141595489320508,-0.014220829060150209
129,Q,Q,2.4353979118376654,2.438241175986487,-2.513007063614695,-2.519369125366211,-1.3141573343657171,-1.292877630177319,0.021279704188398085
130,A,A,0.703966277284744,0.7489892075161517,-7.91237379375257,-7.457634423908434,-0.3006237756776535,-0.32551747116073315,-0.024893695483079625
131,Q,Q,1.0165340582597193,1.0905575237387213,-5.351779410713597,-5.205320759823448,-0.2538500876257501,-0.28806334356922036,-0.034213255943470244
132,D,D,0.8652506953580362,0.9208679044869913,-6.947786406466835,-6.577419958616558,-0.4790329438822134,-0.49993166088232854,-0.02089871700011514
133,L,L,0.9741737064202453,0.9898200238385503,-5.679414824435585,-5.592434155313592,-0.24484222800776934,-0.249211676671095,-0.00436944866332567
134,A,A,0.298504197461132,0.3242018039374268,-9.091056020636307,-8.727981466996042,-0.07240633843598587,-0.07904076180836128,-0.006634423372375409
135,R,R,1.2606910551433013,1.3512232540742393,-5.093966810326827,-4.786528838308234,-0.6714601942311109,-0.7100071424101575,-0.03854694817904658
136,S,S,1.6894363202956135,1.637036966390691,-4.033660185964484,-4.077069182144968,-0.5597778240736382,-0.5123785017732203,0.04739932230041788
137,Y,Y,1.1150974107915042,1.1465806479511063,-6.178361867603503,-5.992346487547222,-0.5677960198521603,-0.5781219347790909,-0.01032591492693058
138,G,G,1.2788899605496542,1.2443553753553243,-5.252869907178376,-5.224698041614733,-0.38598549553314676,-0.3627007610026016,0.023284734530545137
139,I,I,0.6762996301910795,0.6449631448883871,-7.733825922012329,-7.610873071770919,-0.18441946670087184,-0.1698947340649326,0.01452473263593923
140,P,P,0.35705471354531915,0.40896122458684137,-6.60163500434474,-6.376375750491493,-0.06008820620791333,-0.07062063286940123,-0.010532426661487904
141,F,F,0.8373447146753761,0.8545649022587934,-7.170679268084075,-6.990275759445994,-0.9366907055590268,-0.9127551089170645,0.02393559664196232
142,I,I,1.3348502297850622,1.3346864793494801,-6.019655290402864,-5.943628311157227,-0.7053953347800732,-0.6846267312744665,0.02076860350560672
143,E,E,0.012236772328797434,0.018330440929788236,-11.445564997823615,-10.798563405087119,-0.0013743441188545091,-0.0021353709661937614,-0.0007610268473392523
144,T,T,0.08938454819876301,0.10313713010383041,-11.688654076111945,-10.901462958047265,-0.015130175713188976,-0.0178286655890858,-0.0026984898758968257
145,S,S,0.005570822989269893,0.013409644089780919,-12.421090440530525,-10.983523055126792,-0.0005589535579684224,-0.0014300640743520887,-0.0008711105163836663
146,A,A,0.008402562847044475,0.0201722993294634,-12.624248832464218,-11.305425198454605,-0.0008664591062785831,-0.0022837794860937066,-0.0014173203798151235
147,K,K,0.030958172851649424,0.03897479895147316,-12.612098540130415,-11.78220088623072,-0.004730896547318508,-0.006095121331645359,-0.0013642247843268507
148,T,T,0.246815471832213,0.2718559656705875,-7.621254099042792,-7.408385916760094,-0.03996855077972761,-0.04482815679736696,-0.004859606017639351
149,R,R,0.17655632280393857,0.18564717578070977,-8.715891440546041,-8.360969723839508,-0.030967870756793303,-0.030958318620534442,9.55213625886131e-06
150,Q,Q,1.2430019336423361,1.255581959121541,-5.638057972255506,-5.510210087424831,-0.4022514510468831,-0.40218891073824814,6.254030863495075e-05
151,G,G,1.2149180243271243,1.2197103901286022,-5.126634544447849,-5.025475432998256,-0.937907446355938,-0.9711906240205419,-0.03328317766460387
152,V,V,0.09419083904021641,0.11589469094659108,-9.150132317292062,-8.768721555408678,-0.013439852050519008,-0.017144700981560845,-0.0037048489310418375
153,D,D,0.668211659983066,0.6908713892699425,-9.454623987800197,-8.852287204642044,-1.0100860099969715,-0.9335525211633886,0.07653348883358291
154,D,D,0.6869046646934542,0.7152398980891637,-5.737527395549574,-5.454367286280582,-1.6175131278494845,-1.622013470388275,-0.004500342538790392
155,A,A,0.402452407711847,0.4075204768333889,-10.782470439609728,-10.272668512243973,-0.11037751015664199,-0.10943913543134087,0.0009383747253011165
156,F,F,0.02657152909498564,0.040691031392105864,-12.459455690885845,-11.227475580416227,-0.0035434186537450785,-0.005521700658594142,-0.0019782820048490635
157,Y,Y,0.33267459772179153,0.3365424934327846,-8.031920622838172,-7.843894098934374,-0.0775741953064184,-0.07541309577423227,0.002161099532186128
158,T,T,1.3918328350796858,1.4541462366303555,-4.642704788007234,-4.4958271980285645,-0.4255392729474323,-0.45114317540819826,-0.025603902460765937
159,L,L,0.7646218364627752,0.7850581000180245,-8.808563583775571,-8.20726173802426,-0.2729563182056012,-0.2788959579003283,-0.005939639694727106
160,V,V,0.14411384593832802,0.1657869288282709,-10.889831191615054,-10.371376639918276,-0.025550956246373602,-0.030437824622303822,-0.00488686837593022
161,R,R,0.1097982413376312,0.137268306440632,-9.43459499509711,-8.717491752222964,-0.01730154774134718,-0.021708717841981695,-0.0044071701006345165
162,E,E,0.10602359791513169,0.12504139577758672,-8.48949610559564,-8.20975250946848,-0.014886341498641542,-0.017938580947543414,-0.0030522394489018723
163,I,I,0.2340320149612981,0.24568638145318245,-9.474798742093538,-9.219968908711484,-0.05192995930001487,-0.05450074690494233,-0.0025707876049274603
164,R,R,0.29293773249996896,0.3604577317068714,-8.446698088394967,-7.792652657157497,-0.06352492056312542,-0.079267244080782,-0.015742323517656587
165,K,K,0.8309792058550285,0.8600722784960377,-6.213530590659694,-6.010260230616519,-0.27983274413283254,-0.27889953531393274,0.0009332088188998
166,H,H,1.7275823716650387,1.8505894639433387,-0.637142959393953,-0.6321647794623124,-3.846315748180338,-3.686844163643215,0.15947158453712262
167,K,K,2.228542733689898,2.321038023992518,-2.9159676903172542,-2.676839878684596,-1.258906394605571,-1.348050989173803,-0.0891445945682321
168,E,E,2.428628893385828,2.464420243450662,0.4511558131167763,0.20692975897538035,-4.3180822054130985,-3.9979782028716784,0.32010400254142013
169,K,K,2.060588314788965,2.1700318945099717,-3.311365478917172,-3.102557583859092,-0.8564157555640222,-0.9252017517186211,-0.0687859961545989
